open_porch_sf,mas_vnr_area,lot_area,bsmtfin_type_1,ms_zoning,lot_config
44,289.0,13517,6,RL,CulDSac
74,132.0,11492,6,RL,CulDSac
52,0.0,7922,6,RL,Inside
0,0.0,9802,1,RL,Inside
59,0.0,14235,1,RL,Inside
0,0.0,16492,5,RL,Corner
44,82.0,3675,6,RM,Inside
0,180.0,12160,3,RL,Inside
324,0.0,15783,3,RL,Inside
0,192.0,11606,3,RL,Inside
0,232.0,1680,5,RM,Inside
58,0.0,7488,6,RL,Inside
0,0.0,26400,0,RL,FR2
0,456.0,2645,6,FV,Inside
50,0.0,9627,6,RL,Inside
0,0.0,10114,1,RL,Inside
0,0.0,4571,1,RM,Inside
80,0.0,8816,3,RL,Corner
0,148.0,8197,1,RL,Inside
45,0.0,8640,6,FV,Inside
0,0.0,8724,4,RL,Inside
59,0.0,5664,6,RL,Inside
21,0.0,7980,5,RL,Inside
0,0.0,34650,3,RL,Inside
49,3.0,10573,3,RL,Corner
144,0.0,8450,6,RL,Inside
40,0.0,11700,4,RL,Inside
0,0.0,8064,1,RL,Corner
120,0.0,9600,5,RL,Inside
0,0.0,11435,1,RL,Corner
30,0.0,9549,2,RL,CulDSac
48,0.0,10950,5,RL,Inside
44,336.0,10637,6,RL,Inside
28,82.0,9000,1,RL,Inside
26,0.0,2665,5,RM,Inside
122,480.0,11751,4,RL,Inside
0,320.0,9600,5,RL,Inside
0,0.0,8428,6,RL,Inside
68,0.0,9937,4,RL,Inside
30,104.0,9101,6,RL,Corner
0,335.0,12150,1,RM,Inside
0,0.0,11200,3,RL,Inside
0,40.0,9670,2,RL,Inside
68,0.0,10998,2,RL,Inside
0,0.0,7200,1,RL,Inside
0,110.0,9920,3,RL,Inside
27,106.0,2448,1,RL,Inside
32,513.0,2998,6,FV,Inside
44,0.0,7804,4,RL,Inside
112,184.0,16692,4,RL,Inside
0,522.0,10170,1,RL,Corner
36,143.0,9364,5,RL,Corner
172,0.0,2544,6,FV,Inside
0,0.0,9888,4,RL,Inside
0,0.0,7942,3,RL,Inside
84,0.0,15038,3,RL,Corner
57,348.0,11764,6,RL,CulDSac
364,0.0,9000,6,FV,Inside
0,0.0,20062,5,RL,Inside
0,0.0,7308,3,RM,Corner
0,0.0,8750,3,RL,Inside
0,0.0,4000,6,RL,Inside
40,117.0,3363,1,RM,Inside
105,510.0,13615,1,RL,Corner
20,145.0,3013,6,RL,Inside
0,96.0,17485,6,RL,Inside
46,668.0,23730,6,RL,Inside
0,0.0,8910,5,RL,Corner
40,50.0,2522,1,RM,Inside
59,228.0,8688,1,RL,Inside
0,0.0,6291,1,RM,Inside
0,65.0,17529,1,RL,Inside
0,0.0,6324,1,RM,Inside
0,361.0,11600,3,RL,Corner
0,0.0,4571,4,RM,Inside
60,748.0,17423,6,RL,CulDSac
0,0.0,12665,1,RM,Inside
0,0.0,9000,5,RL,FR2
122,197.0,4500,6,RM,FR2
75,572.0,6373,6,RL,Inside
0,0.0,13300,3,RL,Inside
11,128.0,9600,5,RL,Inside
172,120.0,3215,6,FV,Inside
0,0.0,11104,6,RL,Inside
32,254.0,15295,6,RL,Corner
32,0.0,9109,2,RL,Inside
0,0.0,7018,0,RL,Inside
0,86.0,14112,6,RL,Corner
60,30.0,3523,6,FV,Inside
0,54.0,15312,4,RL,Inside
72,0.0,7450,3,RL,Inside
47,246.0,7313,6,RL,Inside
169,397.0,10019,5,RL,Inside
76,296.0,15401,6,RL,CulDSac
90,0.0,16280,6,RL,Inside
192,0.0,12209,5,RL,CulDSac
153,144.0,13110,6,RL,Corner
50,0.0,2651,6,FV,FR2
15,0.0,8520,3,RM,Inside
189,902.0,39384,5,RL,CulDSac
27,106.0,2628,1,RL,Inside
36,0.0,6406,5,RM,Inside
0,0.0,12342,1,RL,Inside
0,0.0,6240,1,RM,Inside
0,261.0,10000,1,RL,Corner
0,144.0,11088,5,RL,Inside
140,132.0,17755,4,RL,Inside
68,260.0,4765,6,FV,Inside
84,275.0,10532,3,RL,Corner
99,0.0,15426,6,RL,Inside
35,0.0,8750,3,RL,Inside
0,57.0,9945,3,RL,Inside
0,0.0,8960,1,RM,Inside
35,0.0,3500,2,RM,Inside
70,1050.0,24572,6,RL,CulDSac
35,0.0,9056,1,RL,Inside
0,0.0,12320,1,RL,Inside
72,0.0,8238,6,RL,Inside
180,0.0,6000,3,RM,Inside
38,0.0,2529,5,RL,Inside
0,0.0,10800,1,RL,Inside
28,0.0,2349,5,RL,Inside
30,0.0,10846,6,RL,CulDSac
0,359.0,1680,2,RM,Inside
73,108.0,4590,6,RL,Inside
34,662.0,18062,1,RL,CulDSac
0,0.0,19138,2,RL,Corner
0,0.0,8658,5,RL,Inside
104,0.0,6897,5,RL,Corner
0,0.0,9525,4,RL,Inside
192,0.0,12853,6,FV,Inside
0,0.0,6240,2,RM,Inside
0,500.0,7301,0,RL,Corner
0,210.0,12090,6,RL,Inside
96,144.0,8826,6,RL,Inside
0,0.0,8094,1,RM,Inside
162,165.0,10710,4,RL,Inside
108,208.0,16056,6,RL,Inside
0,0.0,8400,5,RL,Inside
170,0.0,11250,6,RL,Corner
285,0.0,7535,4,RL,Inside
23,0.0,12216,6,RL,Corner
70,0.0,3701,1,RL,Inside
128,360.0,9760,6,RL,Inside
288,160.0,9873,5,RL,Inside
0,64.0,10011,4,RL,Inside
0,0.0,25339,1,RL,Inside
48,360.0,8883,6,RL,Inside
27,106.0,2448,6,RL,Inside
0,0.0,7100,6,RL,Corner
0,0.0,2592,3,RM,Inside
0,0.0,5700,1,RM,Inside
0,0.0,2289,5,RL,Inside
0,0.0,12180,4,RL,Inside
0,0.0,7400,2,RL,CulDSac
0,0.0,8842,1,RL,Corner
54,0.0,8850,1,RL,Inside
136,0.0,9215,1,FV,Inside
0,224.0,9480,2,RL,Inside
0,206.0,11880,5,RL,Inside
299,0.0,10800,1,RM,Inside
75,0.0,7861,6,RL,Inside
20,116.0,11616,2,RL,Inside
154,651.0,10542,6,RL,Inside
0,504.0,1680,3,RM,Inside
64,0.0,8546,1,RM,Corner
158,0.0,7407,6,RM,Inside
88,0.0,10140,5,RL,Inside
0,0.0,14584,0,A (agr),Inside
63,252.0,8158,6,RL,Inside
144,0.0,7500,1,FV,Inside
33,337.0,10678,6,RL,Inside
160,84.0,15256,6,RL,CulDSac
66,309.0,14200,3,RL,Corner
100,466.0,12438,1,RL,Inside
37,600.0,16023,6,RL,CulDSac
0,0.0,20064,2,RL,Inside
32,0.0,9819,5,RL,Inside
0,189.0,10400,1,RL,Inside
0,368.0,11643,2,RL,Inside
80,198.0,11645,6,RL,Inside
93,140.0,7328,1,RL,Inside
0,0.0,7822,1,RL,Corner
24,0.0,9018,1,RL,Inside
105,922.0,13472,6,RL,Inside
97,0.0,1533,6,RM,Inside
52,160.0,11003,6,FV,Inside
38,275.0,10790,1,RL,Inside
0,0.0,7128,3,RL,Inside
24,16.0,7713,1,RL,Inside
0,0.0,6240,3,RM,Inside
0,0.0,22420,4,RL,Inside
0,0.0,15300,3,RL,Inside
20,18.0,3196,1,RL,Inside
39,0.0,9360,6,RL,Inside
0,180.0,11241,5,RL,CulDSac
32,0.0,9260,1,RL,Corner
0,0.0,9239,6,RL,Inside
0,0.0,10044,5,RL,CulDSac
20,16.0,3182,6,RL,Inside
0,0.0,7626,6,RL,Inside
0,0.0,7008,1,RL,Corner
0,90.0,12160,4,RL,Inside
0,0.0,6305,1,RL,Inside
35,0.0,8846,1,RL,Inside
319,0.0,10659,3,RL,Inside
12,0.0,13108,1,RL,Inside
0,0.0,13500,4,RL,Inside
0,0.0,7750,1,RL,Inside
42,0.0,12450,6,RL,Inside
304,425.0,4500,6,RM,FR2
39,245.0,11198,1,RL,Inside
0,0.0,6221,2,RL,Inside
110,234.0,13200,4,RM,Corner
72,766.0,8769,6,RL,Corner
0,219.0,10200,6,RL,Inside
35,0.0,9550,5,RL,Corner
0,0.0,10331,5,RL,CulDSac
0,182.0,9587,6,RL,Inside
0,136.0,22002,5,RL,Corner
72,576.0,13000,3,RL,Corner
0,260.0,8250,3,RL,Inside
0,270.0,8170,5,RL,Inside
189,232.0,12048,0,RL,Inside
40,150.0,10858,2,RL,Corner
28,256.0,7577,5,RL,Corner
168,210.0,7500,6,FV,Inside
0,0.0,6120,5,RM,Inside
28,0.0,23580,6,RL,Inside
35,0.0,5306,6,RL,Inside
0,176.0,8092,5,RL,Inside
0,0.0,8593,3,RL,Inside
0,0.0,11067,0,RM,Corner
87,466.0,11929,1,RL,CulDSac
0,0.0,9900,4,RL,Corner
0,0.0,4882,3,RL,Inside
0,479.0,11423,6,RL,Inside
43,0.0,8772,6,RL,FR2
0,0.0,7628,1,RM,Inside
0,647.0,8220,6,RL,Inside
74,0.0,10615,4,RL,Corner
0,0.0,6000,3,RM,Inside
108,0.0,5400,1,RL,Corner
0,0.0,17979,5,RL,Corner
0,115.0,9520,3,RL,Inside
0,0.0,8012,6,RL,Inside
88,0.0,9000,5,RL,Corner
0,0.0,14299,3,RL,Inside
235,0.0,7050,6,FV,Inside
166,0.0,3180,1,FV,Inside
58,221.0,16451,1,RL,Corner
0,0.0,12887,3,RL,Inside
0,0.0,15578,1,RL,Corner
0,0.0,7200,5,RL,Inside
0,0.0,17043,1,RL,CulDSac
0,272.0,10000,4,RL,Corner
20,16.0,3182,6,RL,Inside
0,0.0,1950,2,RM,Inside
0,0.0,7700,2,RL,Corner
0,0.0,8731,4,RL,Inside
0,714.0,8232,6,RL,Inside
0,0.0,2280,5,RL,FR2
68,95.0,8935,1,RL,Inside
25,170.0,9125,1,RL,Inside
77,136.0,11075,4,RL,Corner
154,246.0,13438,6,RL,Corner
0,0.0,11070,4,RL,Inside
101,172.0,7800,1,RL,Inside
0,200.0,7060,6,RM,Inside
0,0.0,11836,4,RL,Corner
0,0.0,8382,1,RL,Inside
98,143.0,10192,1,RL,Inside
0,205.0,4426,6,RM,Inside
27,0.0,2280,5,RL,FR2
0,0.0,2887,6,RL,Inside
0,0.0,8520,1,RM,Inside
101,0.0,1596,6,RM,Inside
0,0.0,15600,4,RL,Inside
56,0.0,9313,1,RL,Inside
24,0.0,11064,2,RL,CulDSac
0,162.0,9000,5,RM,Inside
0,0.0,12000,3,RL,Inside
0,0.0,7692,1,RL,Inside
36,108.0,14267,5,RL,Corner
80,0.0,9675,4,RL,Corner
0,0.0,8400,1,RH,Inside
28,0.0,7500,1,RL,Inside
0,0.0,9600,3,RM,Inside
0,0.0,5814,6,RL,CulDSac
35,240.0,14860,6,RL,CulDSac
66,252.0,14803,3,RL,CulDSac
0,0.0,7550,1,RL,Inside
168,100.0,8125,6,FV,Inside
30,0.0,13673,1,RL,CulDSac
0,0.0,1533,3,RM,Inside
82,412.0,7658,6,RL,Inside
39,184.0,12292,6,RL,CulDSac
136,0.0,11923,1,RL,Corner
99,320.0,10010,4,RL,Inside
0,0.0,12358,3,RM,Inside
48,0.0,8577,1,RL,Inside
126,0.0,8640,1,FV,Inside
0,0.0,10447,5,RL,Inside
0,0.0,9600,5,RL,Corner
0,0.0,4899,4,RL,Corner
211,564.0,9246,1,RL,Inside
205,0.0,4928,5,RL,Inside
75,0.0,12692,6,RL,Inside
0,0.0,7476,3,RL,Corner
0,0.0,5362,1,RL,Corner
112,74.0,12090,1,RL,Inside
200,468.0,12539,6,RL,Inside
60,0.0,11888,1,RL,Inside
0,298.0,8755,5,RL,FR2
0,0.0,4080,1,RM,Inside
0,149.0,32463,4,RL,Inside
74,0.0,3696,1,RL,Inside
0,0.0,7560,2,RL,Inside
0,0.0,10592,1,RL,Inside
0,604.0,1680,5,RM,Inside
0,105.0,10382,5,RL,Inside
40,50.0,2522,1,RM,Inside
85,0.0,9370,5,RL,Inside
0,0.0,10246,6,RL,CulDSac
208,0.0,11475,5,RL,Inside
49,428.0,9986,1,RL,Inside
0,0.0,10475,3,RL,Inside
0,0.0,6000,2,RM,Inside
0,0.0,4280,1,RL,Inside
0,0.0,10895,3,RL,Corner
0,0.0,17503,1,RL,Inside
0,332.0,9723,1,RL,Corner
108,452.0,11694,6,RL,Inside
0,0.0,6000,1,RM,Inside
0,164.0,10519,1,RL,Inside
46,660.0,10437,6,RL,Inside
0,0.0,7514,5,RL,Inside
55,365.0,13654,1,RL,CulDSac
0,0.0,5747,1,RM,Inside
0,0.0,4500,3,RH,Inside
110,164.0,11830,6,RL,Inside
0,0.0,8520,3,RL,Corner
90,0.0,6760,5,RL,Inside
0,0.0,6191,2,RL,Corner
20,148.0,8700,5,RL,Inside
75,84.0,12003,1,RL,Corner
69,0.0,12700,5,RL,Inside
0,0.0,13125,4,RL,Inside
74,0.0,8638,5,RL,Inside
0,0.0,9967,1,RL,Inside
228,0.0,9600,1,RM,Corner
32,0.0,12774,4,RL,Inside
0,128.0,8163,5,RL,Inside
0,0.0,9900,1,RL,Corner
0,1115.0,13651,5,RL,Inside
0,0.0,7200,1,RM,Inside
0,0.0,9750,1,RM,Inside
39,0.0,11184,1,RL,Corner
0,0.0,6390,1,RL,Corner
131,157.0,10240,4,RL,Inside
45,140.0,9316,6,RL,Inside
0,0.0,7200,4,RL,Inside
43,206.0,12228,1,RL,Corner
96,0.0,10335,3,RL,Inside
0,335.0,12328,6,RL,Inside
0,0.0,8930,0,RM,Inside
0,0.0,9672,6,RL,Corner
95,525.0,13975,1,RL,Corner
0,0.0,7819,5,RL,Inside
0,0.0,11340,1,RM,Inside
0,504.0,1680,5,RM,Inside
0,0.0,6001,2,RL,Inside
126,41.0,11700,1,RL,Inside
133,162.0,12858,1,RL,Inside
0,324.0,9300,3,RL,Inside
0,275.0,7018,6,RL,Inside
0,0.0,6629,4,RH,Inside
0,0.0,10650,2,RL,Corner
32,216.0,2117,6,FV,Inside
130,232.0,13650,6,RL,Corner
72,0.0,8433,6,RL,Inside
0,0.0,6000,1,RM,Inside
54,0.0,8500,1,C (all),Inside
0,0.0,8712,1,C (all),Corner
30,174.0,7917,4,RL,Corner
25,0.0,6900,5,RM,Inside
0,0.0,9900,1,RL,Inside
64,340.0,13286,6,RL,Inside
0,0.0,12888,5,RL,Inside
0,0.0,8885,4,RL,Inside
30,0.0,8857,1,RL,Inside
39,0.0,14137,6,RL,Inside
0,0.0,6720,1,RL,Inside
84,0.0,7500,6,RL,Inside
50,0.0,13072,5,RL,Inside
80,274.0,10656,1,RL,Inside
0,252.0,7200,5,RL,Corner
25,0.0,8800,5,RL,Inside
341,0.0,10800,3,RM,Inside
0,39.0,13014,5,RL,Inside
0,210.0,15896,5,RL,CulDSac
0,0.0,5395,6,RL,Inside
60,0.0,5105,6,FV,FR2
0,0.0,8400,3,RL,Inside
0,222.0,12102,5,RL,Inside
57,0.0,10905,1,RL,CulDSac
21,52.0,9556,1,RL,Corner
0,0.0,6430,4,RH,Corner
110,210.0,14695,5,RL,Inside
0,0.0,9000,5,RM,Inside
39,0.0,8368,1,RL,Inside
0,0.0,41600,5,RL,FR2
0,0.0,6490,6,RL,Inside
0,174.0,7290,1,RL,Corner
32,138.0,7472,5,RL,CulDSac
0,571.0,11717,1,RL,Inside
124,40.0,11194,1,RL,Corner
84,227.0,11250,5,RL,Corner
35,0.0,8633,6,RL,FR2
0,0.0,8400,6,RL,Inside
0,23.0,8014,6,RL,CulDSac
0,180.0,12250,5,RL,Inside
50,0.0,2403,6,FV,FR2
0,0.0,8600,1,RM,Inside
21,0.0,13680,5,RL,Inside
152,0.0,5389,6,RL,Inside
0,0.0,10890,2,RL,Inside
70,0.0,9768,3,RL,Inside
22,0.0,8993,1,RL,Inside
0,0.0,11672,1,RL,Inside
0,239.0,9763,6,RM,Inside
175,0.0,9836,6,RM,Inside
87,422.0,10557,6,RL,Inside
87,105.0,8462,6,RL,Inside
0,0.0,10818,1,RL,Inside
0,0.0,7259,5,RL,Inside
32,94.0,11800,6,RL,Inside
0,0.0,7500,2,RL,Inside
98,472.0,159000,3,RL,CulDSac
0,0.0,6488,2,RL,Inside
56,640.0,14230,1,RL,Corner
40,0.0,7810,6,RL,Inside
78,630.0,14331,6,RL,Inside
172,0.0,3182,1,FV,Inside
36,376.0,1920,5,RM,Inside
66,0.0,10110,6,RL,Inside
54,0.0,10984,1,RL,Corner
80,945.0,14082,6,RL,Inside
96,120.0,8480,6,RL,Inside
168,157.0,12205,2,RL,Inside
34,260.0,15750,6,RL,FR3
64,0.0,8050,5,RL,Inside
0,0.0,7200,0,RL,Inside
0,0.0,5232,1,RM,Inside
49,562.0,11846,6,RL,Inside
60,1110.0,16900,6,RL,Inside
40,0.0,9636,1,RL,Corner
0,0.0,10012,4,RL,Inside
36,554.0,14303,6,RL,Corner
96,0.0,5707,1,RL,Inside
0,203.0,9360,5,RL,Inside
0,0.0,5680,1,RM,Inside
0,0.0,7000,4,RL,Inside
0,0.0,10480,1,RL,Inside
90,302.0,11578,1,RL,Inside
0,0.0,7018,0,RL,Inside
40,252.0,9130,6,RL,Inside
30,0.0,10800,1,RL,Corner
48,0.0,8244,1,RL,Inside
32,0.0,6000,1,RM,Inside
20,72.0,3621,6,RL,Inside
40,0.0,7837,1,RL,Inside
29,167.0,10665,6,RL,Inside
173,178.0,10457,4,RL,Inside
0,0.0,8281,3,RL,Inside
66,268.0,14948,6,RL,Inside
0,0.0,7000,5,RL,Inside
20,24.0,3940,6,RM,Inside
25,125.0,9382,1,RL,CulDSac
65,0.0,6854,2,RL,Inside
0,0.0,11515,0,RL,CulDSac
0,178.0,13837,6,RL,Corner
90,246.0,9938,6,RL,Inside
36,242.0,12633,1,RL,Inside
0,0.0,6876,4,RM,Inside
90,0.0,3951,4,FV,Inside
72,0.0,9856,1,RM,Corner
0,0.0,17808,1,RL,Inside
48,94.0,9627,2,RL,Inside
0,0.0,6000,1,RM,Inside
0,0.0,9757,5,RL,Inside
0,0.0,9280,5,RL,Inside
56,568.0,14780,6,RL,Corner
0,0.0,7740,1,RM,Inside
0,183.0,9600,3,RL,Inside
274,420.0,13478,6,RL,Corner
25,136.0,6853,6,RL,Inside
44,302.0,10667,4,RL,Inside
0,0.0,8212,3,RL,Inside
0,336.0,9100,3,RM,Inside
0,0.0,6000,3,RM,Inside
111,0.0,9316,1,RL,Inside
0,135.0,9464,4,RL,Corner
36,0.0,10400,1,RL,Corner
0,0.0,5310,1,RM,Corner
54,84.0,7406,6,RL,Inside
45,179.0,4538,6,FV,Inside
40,0.0,13346,6,RL,CulDSac
0,0.0,9639,1,RM,Inside
62,0.0,15387,5,RL,CulDSac
0,0.0,10050,3,RL,Inside
114,0.0,6240,1,RM,Inside
0,0.0,7506,1,RL,Corner
42,0.0,8900,3,RH,Inside
0,0.0,8480,3,RL,Inside
0,0.0,6000,1,RM,Corner
40,148.0,8847,6,RL,Inside
0,150.0,8050,4,RL,Inside
0,0.0,8294,1,RL,Inside
23,0.0,18494,1,RL,Corner
0,41.0,7162,1,RL,Inside
0,0.0,10918,1,RL,Inside
0,169.0,4435,6,RM,Inside
0,0.0,11250,1,RL,Inside
118,541.0,14375,6,RL,CulDSac
228,268.0,10029,6,RL,Corner
68,0.0,4060,6,RH,Inside
129,183.0,9020,3,RL,Inside
68,97.0,11777,2,RL,Inside
0,168.0,10171,6,RL,Inside
73,280.0,10400,1,RL,Inside
365,0.0,6240,4,RM,Inside
0,0.0,12150,6,RL,CulDSac
0,456.0,2645,1,FV,Inside
64,0.0,22692,3,RL,Inside
0,0.0,9600,2,RM,Inside
34,0.0,13830,6,RL,Inside
0,170.0,4435,6,RM,Inside
0,0.0,5890,5,RM,Corner
64,0.0,10859,1,RL,Corner
48,0.0,5330,6,RL,Inside
24,0.0,21780,0,I (all),Inside
26,176.0,10307,6,RL,Inside
125,116.0,4500,6,RM,FR2
21,327.0,9060,1,RM,Inside
48,212.0,2160,4,FV,Inside
32,0.0,7669,6,RL,Inside
0,0.0,9858,4,RL,Inside
11,0.0,10300,1,RM,Inside
175,288.0,8125,1,FV,Corner
0,0.0,14850,3,RL,Inside
16,360.0,9650,5,RL,Inside
110,85.0,14585,4,RL,CulDSac
168,36.0,9000,6,FV,Inside
72,283.0,13774,6,RL,Inside
65,60.0,5119,6,FV,CulDSac
27,210.0,9254,6,RL,Inside
92,140.0,10324,6,RL,Corner
0,0.0,8375,5,RL,Corner
234,171.0,9750,1,RL,Inside
77,96.0,7632,1,RL,Inside
0,56.0,15750,4,RL,Corner
0,0.0,9240,4,RL,Inside
141,253.0,10400,6,RL,Inside
0,202.0,8800,4,RL,Inside
121,99.0,11839,6,RL,Inside
74,113.0,9135,6,RL,Inside
0,0.0,14115,5,RL,Inside
62,350.0,14154,1,RL,Corner
444,0.0,6565,6,C (all),Corner
124,351.0,7700,1,RL,Inside
92,85.0,12361,6,RL,CulDSac
0,51.0,9720,5,RL,Inside
141,0.0,8640,6,FV,Inside
102,0.0,3180,1,FV,Inside
30,0.0,14963,6,RL,Inside
0,0.0,5000,1,RM,Inside
82,238.0,16870,6,RL,FR3
51,200.0,14157,6,RL,Corner
48,230.0,12456,6,RL,FR2
235,730.0,14836,6,RL,Inside
0,0.0,6956,1,RL,Inside
102,0.0,7862,6,FV,Inside
32,0.0,11050,1,RL,Inside
155,0.0,8924,1,RL,CulDSac
0,632.0,9610,3,RL,Corner
0,0.0,13710,4,RM,Inside
136,0.0,12552,6,FV,Corner
74,145.0,14565,6,RL,CulDSac
0,383.0,18559,6,RL,CulDSac
48,0.0,10880,5,RL,Inside
30,0.0,2280,1,RL,FR2
0,0.0,31250,0,A (agr),Inside
130,162.0,9187,6,FV,Inside
0,0.0,6270,4,RH,Inside
119,312.0,15660,4,RL,Corner
16,14.0,3087,6,RL,Inside
91,0.0,13450,6,RL,Corner
0,0.0,10125,0,RL,Inside
0,0.0,8146,1,RL,Corner
0,0.0,9600,1,RM,Inside
32,146.0,12328,6,RL,Inside
36,264.0,10141,4,RL,Inside
39,0.0,8529,6,RL,Inside
45,0.0,8127,6,FV,Inside
235,0.0,8400,1,RM,Corner
47,44.0,10751,5,RL,CulDSac
38,0.0,10010,5,RL,Inside
0,0.0,4280,2,RL,Inside
0,0.0,9800,5,RL,Corner
0,0.0,7560,3,RL,Inside
0,0.0,9600,1,RM,Inside
0,0.0,9880,5,RL,Inside
0,0.0,9600,4,RL,Inside
0,0.0,7931,4,RL,Inside
63,0.0,5100,1,RM,Inside
116,134.0,9720,6,RL,CulDSac
0,0.0,8521,5,RL,FR2
114,0.0,12461,6,RL,Corner
0,40.0,6950,5,RL,Inside
104,0.0,16905,4,RL,Inside
0,0.0,7155,1,RL,Inside
251,304.0,9205,5,RL,Inside
0,0.0,7697,1,RL,Inside
0,0.0,7800,6,RL,Inside
0,0.0,14357,5,RL,CulDSac
64,0.0,8775,6,RL,Inside
0,466.0,2645,6,FV,Inside
0,0.0,13568,5,RL,CulDSac
258,0.0,16321,4,RL,CulDSac
96,0.0,8640,6,FV,Inside
101,0.0,1596,6,RM,Inside
0,0.0,7315,3,RL,Inside
0,0.0,7614,1,RM,Inside
58,200.0,11000,4,RL,CulDSac
0,0.0,10337,1,RM,Inside
45,816.0,14803,6,RL,Inside
28,0.0,8765,5,RM,Inside
30,150.0,12720,6,RL,Inside
226,198.0,11128,6,RL,Corner
0,0.0,5160,1,RM,Corner
0,0.0,13072,1,RL,Inside
40,0.0,8814,2,RL,Inside
88,0.0,4484,5,RL,Corner
40,0.0,9019,5,RL,Inside
24,186.0,11932,1,RL,FR2
48,351.0,115149,6,RL,CulDSac
0,0.0,14330,3,RL,CulDSac
0,0.0,8777,0,RL,Inside
0,0.0,2308,5,RL,Inside
0,0.0,2500,5,RM,Corner
58,54.0,8049,5,RL,CulDSac
22,442.0,9590,6,RL,Corner
0,255.0,7200,5,RL,Inside
0,0.0,11500,3,RL,Inside
0,0.0,6756,1,RM,Inside
228,254.0,12030,1,RL,Inside
81,125.0,9554,6,RL,Inside
0,160.0,11361,5,RL,Inside
0,132.0,12416,5,RL,Inside
88,132.0,9600,5,RL,Corner
0,0.0,8267,1,RL,Corner
11,0.0,6000,5,RM,Inside
0,168.0,9600,1,RL,Inside
0,0.0,7350,1,RL,Inside
0,40.0,7703,5,RL,CulDSac
182,0.0,4347,1,RM,Inside
192,0.0,9600,4,RL,Inside
32,362.0,12256,6,RL,Corner
80,112.0,9547,1,RL,Inside
120,68.0,7200,6,FV,Inside
103,0.0,3600,1,RM,Inside
0,142.0,1680,1,RM,Inside
84,0.0,3316,6,FV,Inside
0,215.0,16387,6,RL,Inside
59,148.0,13265,6,RL,CulDSac
36,235.0,3242,6,RL,Inside
36,130.0,8991,6,RL,CulDSac
0,0.0,8000,4,RL,Inside
122,42.0,9303,5,RL,Corner
65,0.0,8544,1,RL,CulDSac
0,0.0,11425,4,RL,Corner
84,202.0,11404,5,RL,Inside
32,22.0,8229,1,RL,Inside
0,0.0,15635,0,RL,CulDSac
0,0.0,3153,1,RM,Inside
146,0.0,11096,6,FV,Inside
36,0.0,14000,1,RL,Inside
173,0.0,8098,6,RL,Inside
54,122.0,8393,2,RL,Corner
0,0.0,12900,6,RL,Inside
0,0.0,57200,4,RL,Inside
0,260.0,8078,1,RL,Inside
113,233.0,12384,1,RL,CulDSac
0,252.0,9927,6,RL,Inside
0,0.0,16300,3,RL,CulDSac
52,0.0,7915,6,RL,Inside
0,0.0,21750,1,RL,Inside
100,0.0,9116,1,RL,Corner
238,310.0,14419,6,RL,Corner
0,0.0,13070,3,RL,Corner
0,0.0,9855,1,RL,Corner
48,178.0,8118,6,RL,Inside
213,212.0,10920,4,RL,Corner
0,0.0,6600,5,RL,Inside
18,0.0,8199,6,RL,Inside
27,0.0,9947,6,RL,CulDSac
100,145.0,14330,5,RL,Corner
105,0.0,10769,6,RL,Inside
0,0.0,8846,6,RL,CulDSac
172,0.0,10600,1,RL,Inside
24,1.0,18890,6,RL,Inside
0,0.0,9142,1,RM,Inside
48,0.0,7750,1,RL,Inside
0,0.0,6060,1,RM,Inside
120,0.0,10172,5,RL,Inside
96,172.0,10380,2,RL,Inside
162,0.0,9337,6,RL,Inside
0,0.0,7200,0,RL,Inside
0,0.0,9600,3,RM,Inside
60,300.0,8640,5,RL,Inside
0,0.0,7931,4,RL,Inside
0,0.0,11625,4,RL,Inside
0,164.0,9600,4,RL,Inside
50,200.0,11478,6,RL,Inside
100,518.0,7740,6,RL,Inside
44,338.0,9520,6,RL,Inside
0,0.0,17199,5,RL,FR2
0,0.0,5400,2,RM,Corner
48,0.0,9900,1,RM,Inside
0,0.0,6000,3,RM,Inside
0,0.0,17778,5,RL,Inside
0,44.0,19645,6,RL,FR2
120,0.0,8750,1,RL,Inside
0,0.0,7785,0,RL,Inside
50,206.0,9139,6,RL,Inside
73,0.0,10140,2,RL,Inside
0,0.0,10122,0,RL,Inside
94,40.0,10141,1,RL,Corner
0,567.0,2205,5,RM,Inside
0,0.0,10914,1,RL,Inside
150,0.0,9196,1,RL,Inside
108,0.0,9803,6,FV,Inside
30,970.0,17169,6,RL,CulDSac
48,0.0,9171,1,RL,Inside
0,0.0,9750,6,RL,Inside
40,124.0,8604,6,RL,Inside
0,0.0,6155,1,RM,FR3
50,0.0,9487,6,RL,Inside
28,80.0,3675,6,RM,Inside
0,0.0,10200,1,C (all),Inside
42,204.0,11750,6,RL,Inside
48,60.0,11896,6,RL,Corner
0,288.0,10400,3,RL,Inside
0,0.0,10970,6,RL,Inside
66,196.0,11883,6,RL,Inside
38,0.0,10552,3,RL,Inside
42,340.0,9760,4,RL,Inside
32,513.0,2998,6,FV,Inside
0,0.0,6821,4,RL,Inside
113,0.0,11354,6,RL,Inside
0,0.0,9069,6,RL,Inside
0,0.0,8064,5,RL,Inside
0,0.0,5400,5,RL,Corner
36,603.0,53504,5,RL,CulDSac
102,300.0,13173,6,RL,Corner
60,0.0,9488,1,RL,Inside
0,114.0,13526,4,RL,CulDSac
0,0.0,10410,1,RL,Inside
36,0.0,12000,6,RM,Inside
45,0.0,7830,1,RL,Inside
0,0.0,8850,1,RM,Corner
49,178.0,7132,6,RL,Inside
0,0.0,9937,4,RL,Corner
0,0.0,5720,1,RM,Inside
136,420.0,12585,2,RL,Inside
0,0.0,11103,1,RL,Corner
50,0.0,8013,6,RL,Corner
52,122.0,10872,6,RL,Inside
64,886.0,11305,6,RL,Inside
0,69.0,9100,1,RL,Inside
0,0.0,39104,2,RL,CulDSac
48,492.0,10110,6,RL,Inside
100,0.0,9786,1,RM,Inside
53,174.0,3811,6,RM,Inside
0,16.0,3010,6,RL,Inside
100,0.0,3435,6,FV,Corner
133,203.0,10800,4,RL,Inside
76,120.0,10456,6,RL,Inside
0,0.0,8475,5,RL,Inside
73,506.0,8197,6,RL,Inside
44,366.0,10994,6,RL,Corner
0,0.0,6000,3,RM,Inside
0,0.0,7288,3,RM,Inside
0,0.0,13360,5,RL,Inside
29,183.0,10335,6,RL,Inside
0,259.0,11767,3,RL,Inside
0,0.0,5400,3,RL,Inside
36,244.0,9100,6,RL,Inside
18,120.0,7728,5,RL,Inside
40,0.0,8778,1,RL,Inside
36,210.0,8487,6,RL,FR2
54,199.0,9930,6,RL,Inside
207,0.0,17500,6,RL,Inside
44,294.0,10206,1,RL,Inside
174,284.0,14587,1,RL,Inside
0,89.0,7800,5,RL,Inside
60,0.0,4960,1,RL,Inside
90,0.0,7392,1,RM,Inside
0,0.0,7424,6,RL,Inside
40,50.0,2522,1,RM,Inside
0,0.0,3672,1,RM,Inside
0,0.0,7706,3,RL,Inside
82,276.0,12929,6,RL,Inside
0,0.0,9316,3,RL,Inside
76,210.0,12122,5,RL,Corner
74,290.0,12352,6,RL,CulDSac
70,192.0,12447,1,RL,Inside
0,0.0,7500,6,RL,Inside
112,0.0,6120,1,RM,Corner
0,0.0,9576,3,RM,Inside
84,385.0,9942,6,RL,Inside
0,0.0,7898,1,RL,Corner
22,0.0,21872,6,RL,FR2
117,299.0,10005,4,RL,Inside
48,0.0,12393,1,RL,FR2
30,0.0,9000,1,FV,Inside
48,16.0,7875,1,RL,Inside
0,0.0,6000,4,RM,Inside
0,272.0,10175,4,RL,Inside
57,0.0,13600,1,RM,Inside
24,0.0,12172,2,RL,Inside
32,0.0,10237,1,RL,Inside
0,0.0,7000,6,RL,Inside
187,0.0,11228,4,RL,CulDSac
240,0.0,8000,4,RL,Inside
51,0.0,10728,1,FV,Inside
0,145.0,6000,1,RM,Inside
38,132.0,8760,6,RL,Inside
112,378.0,16033,6,RL,FR2
75,0.0,9024,1,RL,Inside
26,258.0,11563,6,RL,Inside
0,425.0,1680,3,RM,Inside
90,0.0,8760,6,RL,Inside
0,0.0,9600,4,RL,Inside
0,170.0,4435,6,RM,Inside
0,510.0,1680,5,RM,Inside
0,0.0,7599,5,RL,Corner
0,0.0,7264,1,RL,Inside
112,302.0,11825,1,RL,Inside
48,180.0,10200,6,RL,Inside
72,616.0,8849,6,RL,Inside
0,92.0,11184,2,RL,Inside
0,0.0,8820,2,RM,Corner
61,0.0,6615,1,RL,Inside
105,98.0,8773,6,RL,FR2
166,0.0,11088,6,RL,Corner
130,140.0,9158,1,RL,Inside
0,0.0,8280,1,RL,Inside
0,0.0,8544,0,RL,Corner
0,0.0,8635,2,RM,Inside
0,0.0,12735,4,RL,FR2
56,72.0,11000,1,RL,FR2
0,0.0,7590,1,RL,Inside
0,170.0,4435,6,RM,Inside
20,120.0,10152,4,RL,Inside
0,72.0,10295,3,RL,FR2
0,0.0,7763,3,RL,Inside
59,0.0,17120,0,RL,Inside
52,250.0,13870,6,RL,Inside
78,391.0,10120,6,RL,Inside
123,0.0,10820,6,RL,CulDSac
24,0.0,9600,3,RM,Inside
40,0.0,8121,1,RL,Inside
49,430.0,13758,6,RL,Inside
32,190.0,9771,2,RL,Corner
104,333.0,10448,1,RL,Corner
0,0.0,8635,4,RM,Inside
278,177.0,11980,6,RL,Inside
40,0.0,12327,6,RL,Inside
0,84.0,11512,5,RL,Corner
70,234.0,14684,5,RL,CulDSac
24,0.0,2665,1,RM,Inside
64,0.0,18044,1,RL,CulDSac
53,0.0,9245,1,RL,Inside
0,0.0,7200,0,RL,Inside
0,0.0,6000,5,RM,Inside
191,0.0,3628,1,FV,Inside
0,0.0,9156,1,RL,Inside
106,320.0,9066,6,RL,Inside
0,0.0,7244,5,RL,Inside
211,0.0,10152,4,RL,Inside
234,76.0,3000,6,FV,Inside
0,340.0,17360,3,RL,Corner
0,0.0,15957,6,RL,Corner
0,0.0,9600,5,RL,FR2
61,0.0,10667,6,RL,CulDSac
105,68.0,10530,1,RL,Inside
104,288.0,17082,5,RL,CulDSac
0,0.0,16287,5,RL,Inside
0,0.0,11050,2,RL,Inside
547,0.0,10440,2,RM,Corner
26,0.0,2665,5,RM,Inside
25,320.0,10389,6,RL,Inside
60,383.0,9658,1,RL,Inside
119,240.0,14122,6,RL,Inside
120,184.0,21000,5,RL,Corner
38,0.0,8737,3,RL,Inside
0,76.0,8750,4,RL,Inside
36,0.0,8499,1,RL,Inside
0,0.0,11072,1,RL,Inside
0,0.0,6762,6,RL,Inside
65,400.0,15431,6,RL,Inside
24,894.0,3230,6,FV,Inside
243,0.0,10800,5,RL,Inside
214,0.0,11143,1,FV,Corner
18,0.0,8925,6,RL,Inside
0,0.0,10356,4,RL,Corner
0,67.0,12299,6,RL,Inside
67,0.0,9900,3,RL,Inside
54,108.0,6762,6,RL,Inside
215,172.0,11625,4,RL,Inside
0,0.0,6435,1,RL,Inside
155,90.0,8450,4,RL,Inside
225,382.0,11577,6,RL,Inside
36,62.0,8340,6,RL,Inside
0,0.0,10708,2,RL,Inside
0,0.0,6911,2,RM,FR2
116,425.0,8800,4,RL,Inside
40,68.0,10739,6,RL,Inside
0,336.0,9572,6,RL,Inside
0,0.0,8012,4,RL,Inside
50,0.0,16226,6,RL,Inside
0,0.0,10899,0,RL,Inside
199,443.0,4500,6,RM,FR2
0,0.0,16647,5,RL,CulDSac
0,0.0,8707,1,RL,FR2
0,86.0,8300,3,RL,Inside
34,0.0,9770,3,RL,Inside
41,0.0,17400,5,RL,Inside
82,0.0,5070,1,RL,Inside
0,32.0,7920,5,RL,Inside
48,200.0,7020,6,RM,Inside
0,0.0,7500,4,RL,Inside
46,248.0,10612,6,RL,Inside
0,0.0,6120,2,RM,Inside
0,0.0,12376,6,RL,Corner
0,180.0,10004,3,RL,Inside
0,0.0,8250,0,RL,Inside
20,0.0,11175,1,RL,Corner
160,0.0,8660,1,RM,Inside
0,41.0,12375,4,RL,Inside
138,101.0,8658,3,RL,Inside
48,0.0,8063,1,RL,Inside
50,0.0,8235,2,RM,Inside
0,0.0,11700,3,RL,Inside
312,0.0,12961,6,RL,Inside
85,0.0,8450,4,RL,Inside
260,0.0,22950,1,RM,Inside
53,473.0,5748,6,RM,Inside
113,0.0,7500,6,FV,Inside
0,0.0,10042,2,RL,Corner
166,0.0,2544,1,FV,Inside
34,218.0,3768,6,FV,FR2
0,0.0,10320,1,RM,Inside
0,0.0,9734,6,RL,Inside
20,14.0,3182,6,RL,Inside
0,0.0,8872,1,RL,Inside
82,0.0,12198,3,RL,Inside
24,0.0,8480,6,RL,Corner
0,0.0,10200,5,RL,Inside
0,0.0,9555,0,RL,CulDSac
0,0.0,7200,3,RL,Inside
137,0.0,53227,4,RL,CulDSac
0,0.0,9100,4,RL,Inside
70,0.0,9600,3,RL,Inside
0,0.0,14175,3,RL,Inside
228,280.0,14277,6,RL,Inside
45,0.0,9000,1,RL,FR2
78,554.0,13693,6,RL,Inside
20,130.0,3635,5,RL,Inside
24,242.0,10933,6,RL,Inside
39,0.0,8450,6,RL,Inside
0,0.0,8550,4,RL,Inside
70,226.0,12182,4,RL,Corner
0,0.0,6120,1,RM,Inside
204,0.0,10800,1,RL,Inside
0,0.0,12760,1,RL,Inside
84,0.0,7655,1,RL,CulDSac
0,0.0,10560,3,RM,Inside
30,0.0,7500,1,RL,Inside
48,180.0,9505,1,RL,CulDSac
72,0.0,10205,4,RL,Inside
56,0.0,4379,6,FV,FR2
0,0.0,7800,3,RM,Inside
16,45.0,7000,3,RL,Inside
0,0.0,13053,1,RL,Inside
0,0.0,8400,3,RL,Inside
0,0.0,6000,1,RM,Corner
0,0.0,6240,2,RM,Inside
62,112.0,31770,4,RL,Corner
134,272.0,12474,6,RL,Inside
80,0.0,9600,5,RL,Inside
0,0.0,8574,1,RL,Inside
207,480.0,14418,6,RL,Inside
39,102.0,10400,6,RL,Inside
0,0.0,15564,1,RL,Inside
32,130.0,13543,6,RL,Corner
0,0.0,5925,0,RM,Corner
0,0.0,24090,1,RL,Inside
0,238.0,9600,6,RL,Inside
63,214.0,8158,1,RL,Inside
108,0.0,5220,1,RL,Inside
0,0.0,8172,3,RL,Inside
44,74.0,9000,2,RL,Inside
0,203.0,7844,5,RL,Inside
0,0.0,9084,1,RL,Inside
93,0.0,8556,1,RL,Inside
0,51.0,9100,2,RL,Inside
0,0.0,8668,1,RL,Corner
41,0.0,11767,3,RL,Inside
35,109.0,8400,6,RL,Inside
78,0.0,3874,6,RL,Inside
26,112.0,8076,6,RL,Inside
46,364.0,10090,3,RL,Inside
0,0.0,8877,5,RL,Inside
24,212.0,11058,6,RL,Corner
25,0.0,10800,1,RM,Inside
18,0.0,10936,1,RL,Inside
24,0.0,8461,1,RL,Inside
72,0.0,7518,1,RM,FR3
48,0.0,8010,1,RL,Inside
40,87.0,10050,6,RL,Inside
108,0.0,4740,6,RL,Inside
0,0.0,6978,1,RM,Inside
140,705.0,11400,6,RL,Inside
0,0.0,9240,5,RL,Inside
32,0.0,2304,6,RL,Inside
0,0.0,7223,4,RL,Inside
48,0.0,3612,6,RH,Inside
48,102.0,12680,6,RL,Inside
0,0.0,10176,6,RL,Inside
0,0.0,10780,5,RL,Inside
0,340.0,8544,0,RL,Inside
0,513.0,10646,6,FV,Corner
36,237.0,8400,1,RL,Inside
0,0.0,15428,3,RL,Inside
140,0.0,11216,1,FV,Inside
0,99.0,10140,5,RL,Inside
20,0.0,3964,5,RM,Inside
44,248.0,11428,1,RL,Inside
66,42.0,10421,6,RL,Inside
148,0.0,13500,1,RM,Corner
0,200.0,9000,4,RL,Inside
0,0.0,8089,6,RL,Inside
32,216.0,2117,6,FV,Inside
127,353.0,10625,1,FV,Inside
0,0.0,8413,6,FV,Inside
502,0.0,13500,1,RM,Inside
0,115.0,15676,5,RL,Inside
114,290.0,9950,6,RL,Inside
0,250.0,15410,4,RL,CulDSac
0,0.0,6000,2,RM,Inside
75,0.0,8402,1,RL,Inside
0,296.0,10655,6,RL,Inside
0,1.0,10150,3,RL,Inside
20,196.0,10084,6,RL,Inside
33,0.0,16285,1,RL,Inside
32,1129.0,3230,6,FV,Corner
0,0.0,21579,4,RL,CulDSac
45,0.0,8320,6,RL,Inside
0,0.0,6960,5,RL,Inside
40,0.0,21930,1,RL,Inside
0,0.0,6600,5,RL,Inside
0,0.0,8405,0,RL,Inside
0,554.0,11778,6,RL,Inside
0,0.0,8967,1,RM,Corner
120,300.0,10562,6,RL,Inside
144,0.0,12864,6,RL,CulDSac
102,0.0,13695,6,RL,Inside
0,168.0,10289,5,RL,Inside
72,200.0,15431,6,RL,Inside
0,0.0,11120,4,RL,CulDSac
0,0.0,9069,2,RL,Inside
0,44.0,47280,1,RL,Inside
75,0.0,7875,1,RL,Inside
0,0.0,6600,6,RL,Inside
0,1031.0,13682,1,RL,CulDSac
110,305.0,9150,6,RL,Corner
0,60.0,7150,4,RL,Inside
0,128.0,12285,4,RL,Inside
418,0.0,17920,5,RL,Inside
20,130.0,3684,1,RL,Inside
0,0.0,7006,3,RM,Inside
103,0.0,8390,1,RL,Inside
20,0.0,5784,1,RM,Inside
23,120.0,9135,6,RL,Inside
0,320.0,10496,3,RL,Inside
0,0.0,13650,5,RL,Inside
0,20.0,8308,4,RL,Inside
0,160.0,9450,4,RL,Corner
22,0.0,9317,6,RL,Inside
51,88.0,7153,6,RL,Inside
98,80.0,8814,6,RL,Inside
56,0.0,9849,1,RL,Inside
95,406.0,14463,6,RL,Corner
0,0.0,5190,1,RL,Inside
0,164.0,9750,3,RM,Inside
0,0.0,6000,5,RM,Inside
0,0.0,8712,1,C (all),Inside
100,0.0,11851,4,RM,Inside
0,72.0,13811,6,RL,Inside
0,295.0,10143,3,RL,Inside
0,228.0,18265,6,RL,Corner
90,0.0,4224,5,RM,Inside
29,0.0,12615,5,RL,Corner
252,236.0,14536,6,RL,Inside
0,0.0,9187,5,RL,Corner
60,256.0,9900,6,RL,Inside
30,0.0,8333,1,RL,Inside
64,32.0,10147,2,RL,CulDSac
28,0.0,11646,1,RL,Inside
121,0.0,7200,1,FV,Inside
63,123.0,20544,1,RL,CulDSac
90,340.0,9981,4,RL,Corner
35,143.0,8251,6,RL,Inside
20,264.0,10140,4,RL,Inside
0,0.0,8239,0,RM,Inside
0,0.0,5700,3,RM,Corner
68,0.0,7200,5,RL,Corner
142,0.0,9178,1,RL,Inside
55,0.0,4043,5,RL,Inside
100,0.0,4224,6,RM,Inside
176,0.0,11235,5,RL,Inside
55,108.0,8450,1,RL,Inside
34,0.0,11851,1,RL,Corner
0,0.0,4608,1,RM,Corner
36,194.0,9262,1,RL,Inside
45,0.0,12702,0,RM,Inside
30,40.0,2938,6,RL,Inside
108,138.0,18160,4,RL,Inside
304,125.0,11355,4,RL,Corner
0,356.0,1680,3,RM,Inside
150,1095.0,14300,6,RL,Inside
24,0.0,10616,1,RL,Inside
102,154.0,11308,6,RL,Inside
69,660.0,10480,5,RL,Inside
64,0.0,5118,6,RL,Inside
53,186.0,3811,6,RM,Corner
0,174.0,10825,6,RL,Inside
0,0.0,5500,2,RM,Corner
0,0.0,9600,1,RM,Inside
93,0.0,9317,6,RL,Inside
151,0.0,11838,1,RL,Inside
150,110.0,8004,6,FV,Inside
34,0.0,6876,1,RM,Inside
48,196.0,8396,1,RL,Inside
25,0.0,9803,1,RL,Inside
35,176.0,6240,6,RL,Inside
72,0.0,15498,5,RL,Corner
128,0.0,6180,1,RM,Corner
0,0.0,7449,1,RM,Inside
0,0.0,10410,1,RL,Corner
207,0.0,15865,5,RL,Inside
236,0.0,19690,1,RL,CulDSac
16,16.0,3182,6,RL,Inside
0,0.0,9600,3,RM,Inside
0,0.0,11100,0,RL,Inside
0,0.0,13587,3,RL,Inside
265,674.0,11447,6,RL,Inside
96,0.0,7242,1,RL,Inside
0,0.0,7018,0,RL,Inside
30,0.0,9466,2,RL,FR2
60,0.0,8400,4,RL,Corner
142,204.0,11050,6,RL,Inside
47,0.0,11040,3,C (all),Inside
128,92.0,6931,1,RL,Inside
91,68.0,12438,1,RL,Inside
146,506.0,15138,6,RL,Inside
224,298.0,12046,2,RL,Inside
0,291.0,9600,5,RL,Inside
60,210.0,11367,6,RL,Corner
51,0.0,26073,3,RL,CulDSac
0,52.0,7150,4,RL,Inside
54,0.0,15602,5,RL,Inside
0,0.0,10260,0,RL,Inside
121,256.0,12728,6,RL,Inside
29,192.0,11690,1,RL,Inside
64,166.0,9230,6,RL,Corner
0,380.0,1890,5,RM,Inside
36,573.0,9375,6,RL,Inside
36,163.0,3480,1,RL,Inside
0,0.0,17140,5,RL,Inside
120,0.0,8749,6,RL,Inside
0,0.0,11375,3,RL,Inside
16,72.0,3922,1,RL,Inside
0,16.0,3182,6,RL,Inside
0,243.0,9750,3,RL,Inside
107,0.0,13426,6,RL,Corner
50,0.0,10574,1,FV,Inside
108,0.0,8726,1,RL,Inside
48,200.0,7984,1,RL,Inside
0,0.0,8248,1,RL,Inside
26,451.0,9790,5,RL,Inside
80,0.0,7200,4,RL,Inside
0,0.0,7200,3,RL,Inside
53,0.0,8125,1,FV,Inside
0,0.0,8088,1,RL,Inside
16,168.0,12511,5,RL,Corner
0,127.0,1869,3,RM,Inside
0,0.0,9259,1,RL,Corner
183,270.0,16770,6,RL,Corner
55,0.0,4043,5,RL,Inside
210,0.0,9000,1,FV,Inside
140,472.0,12677,6,RL,Inside
192,0.0,12852,6,RL,Corner
211,0.0,10320,1,RM,Corner
0,0.0,10800,2,RM,Inside
99,272.0,19522,6,RL,Inside
111,0.0,13860,6,RL,Inside
35,519.0,11927,4,RL,Inside
172,0.0,9906,1,RM,Inside
120,0.0,4923,6,RL,Inside
0,0.0,7800,3,RL,Inside
20,40.0,3196,1,RL,Inside
28,0.0,9928,1,RM,Inside
54,0.0,6820,6,RL,Corner
119,216.0,13128,1,RL,CulDSac
0,0.0,6240,1,RM,Inside
84,0.0,8000,6,RL,Inside
75,0.0,10410,1,RL,Inside
48,0.0,10800,1,RM,Inside
0,0.0,13300,6,RL,Inside
148,270.0,9588,1,RL,Inside
0,0.0,2308,5,RL,Corner
16,176.0,13383,4,RL,Inside
32,0.0,9350,5,RL,Inside
64,0.0,9892,6,RL,Inside
33,0.0,10541,1,RL,Corner
0,0.0,10284,5,RL,Corner
31,242.0,9660,6,RL,Inside
30,0.0,10179,5,RL,Corner
0,140.0,9533,0,RL,Inside
0,0.0,5830,3,RM,Corner
0,0.0,12099,2,RL,Inside
39,245.0,12665,1,RL,Inside
0,0.0,27650,6,RL,Inside
40,30.0,17600,4,RL,Inside
57,190.0,7162,1,RL,Inside
130,0.0,8685,6,RL,CulDSac
0,0.0,6240,3,RM,Inside
0,0.0,6451,3,RM,Inside
0,220.0,8760,1,RL,Inside
104,246.0,12568,6,RL,Inside
50,502.0,13069,1,RL,Inside
0,257.0,11080,6,RL,Corner
0,0.0,10759,2,RL,Corner
80,85.0,8973,3,RL,Inside
0,0.0,10990,6,RL,CulDSac
44,76.0,3675,6,RM,Inside
0,0.0,8385,1,RL,Inside
68,0.0,5858,6,RH,FR2
78,0.0,3880,6,RL,Inside
0,0.0,1504,4,RM,Inside
0,0.0,11988,2,RL,Inside
55,101.0,10928,2,RL,Inside
36,0.0,10778,6,RL,Inside
0,0.0,10200,1,RL,Inside
0,161.0,9373,5,RL,CulDSac
0,328.0,12085,6,RL,Inside
156,0.0,8100,1,RM,Corner
42,0.0,19950,1,RL,Corner
20,491.0,10197,5,RL,Inside
0,0.0,8160,5,RL,Inside
238,0.0,11426,1,RM,Inside
0,180.0,11344,4,RL,Inside
60,0.0,11002,6,RL,Inside
34,442.0,12137,1,RL,CulDSac
312,0.0,21384,6,RL,Inside
0,0.0,8926,1,RL,Corner
36,0.0,8702,4,RL,Inside
46,0.0,12354,1,RL,Corner
28,256.0,6289,5,RL,Inside
0,0.0,10791,0,RL,Inside
0,0.0,10429,5,RL,Inside
0,0.0,7438,1,RL,Inside
191,302.0,11670,1,RL,Corner
0,0.0,10800,3,RL,Inside
68,122.0,11920,1,RL,Inside
0,0.0,9450,2,RL,Inside
66,144.0,9129,6,RL,Inside
0,0.0,13680,0,RL,CulDSac
40,0.0,9600,1,RL,Inside
86,579.0,14720,6,RL,CulDSac
96,120.0,8750,6,RL,Inside
0,0.0,7130,4,RL,Inside
50,0.0,9350,4,RL,Inside
204,289.0,8963,6,RL,Inside
0,0.0,9780,1,RL,Inside
0,0.0,5805,4,RM,Inside
0,56.0,8243,5,RL,CulDSac
282,424.0,12227,5,RL,Corner
26,106.0,9248,6,RL,Inside
0,0.0,20270,6,RL,CulDSac
0,180.0,7200,6,RM,Inside
184,220.0,9965,6,RL,Inside
30,60.0,16012,3,RL,Inside
0,0.0,8445,6,RL,Corner
150,72.0,9612,1,RL,Inside
48,0.0,10180,3,RL,Corner
24,88.0,7584,2,RL,Inside
50,0.0,4800,1,RM,Inside
0,387.0,11900,3,RL,Corner
10,1600.0,7399,4,FV,Inside
0,200.0,8940,6,RM,Corner
0,0.0,12243,5,RL,Inside
190,418.0,12878,5,RL,Corner
44,0.0,12460,6,RL,FR2
28,0.0,6563,6,RL,CulDSac
0,0.0,9492,3,RL,Inside
0,1047.0,13400,5,RL,Inside
0,0.0,10410,1,RL,Inside
142,0.0,14333,6,RL,Corner
146,652.0,20693,3,RL,Corner
102,100.0,10800,6,FV,Inside
21,0.0,10800,5,RL,Inside
0,0.0,7200,2,RL,Inside
105,0.0,8581,1,RL,Inside
120,0.0,10625,6,FV,Inside
46,0.0,8068,1,RL,Inside
0,0.0,8917,1,RL,Inside
0,504.0,1680,4,RM,Inside
0,0.0,25000,1,RL,Inside
63,0.0,15863,6,RL,Corner
0,365.0,11700,5,RL,Inside
48,0.0,8010,6,FV,Inside
62,166.0,5001,6,RL,Inside
36,163.0,3136,1,RL,Corner
0,0.0,6120,1,RM,Inside
52,0.0,11479,6,RL,Inside
0,0.0,9457,5,RL,Inside
0,0.0,11340,1,RM,Corner
0,0.0,7200,1,RL,Corner
12,46.0,8471,5,RL,Corner
0,143.0,10454,3,RL,Corner
0,0.0,1484,3,RM,Inside
36,240.0,6904,5,RL,Inside
0,0.0,14191,1,RL,Inside
36,0.0,9531,6,RL,CulDSac
16,0.0,6171,4,RL,Inside
78,0.0,9991,4,RL,Corner
0,0.0,9084,2,RL,Inside
0,360.0,2280,5,FV,Inside
0,0.0,10411,1,FV,Corner
0,203.0,8500,3,RL,Inside
42,0.0,17541,4,RL,Corner
50,322.0,9545,6,RL,Corner
44,0.0,14000,6,RL,Inside
0,82.0,10500,5,RL,FR2
0,0.0,13050,3,RL,Inside
0,0.0,1782,6,RM,Inside
68,0.0,10943,6,RH,FR2
0,0.0,4330,3,RM,Inside
0,0.0,11660,1,RL,Inside
166,0.0,3180,1,FV,Inside
0,170.0,4435,6,RM,Inside
0,0.0,7689,6,RL,Inside
136,0.0,8286,3,RL,Corner
128,0.0,10690,3,RM,Inside
51,0.0,7795,6,RL,Inside
36,240.0,7052,6,RL,Inside
0,0.0,9308,3,RL,CulDSac
0,0.0,8125,4,RL,Inside
164,165.0,8035,6,RL,Inside
0,0.0,7937,6,RL,CulDSac
0,0.0,9600,4,RL,Inside
35,94.0,6955,1,RL,Inside
0,0.0,21370,0,RL,FR2
67,0.0,10126,6,RM,Corner
0,0.0,2364,5,RL,Inside
158,0.0,3600,1,RM,Inside
140,0.0,8741,2,RL,Inside
96,0.0,5436,4,RM,Inside
0,50.0,14149,2,RL,Inside
0,0.0,5000,1,RM,Corner
166,216.0,2544,6,FV,Inside
24,0.0,5000,5,RM,Corner
0,0.0,12493,5,RL,Inside
60,112.0,10368,5,RL,CulDSac
0,300.0,6360,3,RM,Corner
244,0.0,10357,6,RL,Corner
0,31.0,9819,4,RL,Inside
0,0.0,7936,4,RL,Inside
68,0.0,8773,6,RH,FR2
0,30.0,11235,4,RL,Inside
0,0.0,12886,5,RL,Inside
39,160.0,14892,6,RL,CulDSac
10,0.0,6240,2,RM,Inside
24,0.0,11645,6,RL,Inside
63,304.0,14977,6,RL,Inside
0,0.0,9100,1,RL,Inside
0,168.0,8400,4,RL,Inside
0,0.0,7420,3,RL,Inside
0,0.0,9525,2,RL,Inside
0,0.0,7425,1,RM,Corner
0,0.0,7990,1,RL,Inside
0,0.0,1300,5,RM,Inside
241,0.0,3606,6,FV,Inside
0,0.0,8978,1,RL,Corner
0,0.0,9079,4,RL,Inside
36,0.0,1700,6,RL,Inside
0,0.0,9571,1,RL,Inside
40,251.0,9938,6,RL,Inside
0,0.0,9000,4,C (all),Inside
0,0.0,12395,5,RL,Corner
0,0.0,9638,5,RL,CulDSac
32,132.0,13418,1,RL,Inside
144,0.0,17597,6,RL,Inside
240,300.0,8872,5,RL,Corner
0,0.0,3982,6,RL,Inside
50,0.0,7134,5,RL,Inside
0,456.0,2117,6,FV,Inside
120,0.0,5500,6,RL,Inside
0,188.0,11553,4,RL,Inside
0,0.0,7150,3,RL,Inside
0,0.0,6285,2,RL,Inside
96,0.0,7500,6,FV,Inside
0,80.0,2001,1,RM,Inside
108,144.0,19508,5,RL,Inside
0,200.0,7176,6,RL,CulDSac
33,306.0,10652,1,RL,Inside
0,0.0,11235,5,RL,Corner
0,0.0,10265,5,RL,Inside
55,0.0,14541,6,RL,Corner
75,379.0,10184,5,RL,Inside
76,528.0,46589,6,RL,CulDSac
210,0.0,10625,1,FV,Inside
56,278.0,5911,6,RL,Inside
0,226.0,8987,1,RL,Inside
0,0.0,17871,1,RL,Inside
0,0.0,11500,4,RL,Inside
98,513.0,12257,2,RL,Inside
92,526.0,9044,6,RL,Inside
0,504.0,1680,4,RM,Inside
73,148.0,9468,6,RL,CulDSac
0,84.0,9373,3,RL,Corner
35,0.0,7000,6,FV,Inside
39,0.0,10186,6,RL,Inside
93,0.0,11664,6,RL,Corner
21,0.0,10768,5,RL,Corner
86,194.0,10530,6,RL,Inside
60,27.0,14859,1,RL,CulDSac
32,0.0,10481,1,RL,Inside
92,0.0,9350,5,RL,Inside
28,86.0,6718,6,RL,Inside
0,23.0,11855,6,RL,Inside
48,0.0,12394,1,RL,Corner
0,0.0,7000,5,RM,Corner
45,284.0,10367,6,RL,Inside
85,0.0,15240,6,RL,FR2
72,0.0,50271,6,RL,Inside
42,176.0,13600,4,RL,Inside
61,24.0,6762,6,RL,Inside
60,106.0,8500,1,RL,FR2
0,0.0,8877,2,RL,Inside
0,0.0,15611,5,RL,Corner
0,0.0,13300,3,RL,Inside
0,84.0,6500,4,RL,Inside
0,0.0,9525,3,RL,Inside
0,0.0,6993,4,RL,Inside
128,673.0,9430,6,RL,Inside
65,220.0,11029,4,RL,Corner
180,402.0,14311,6,RL,FR3
102,0.0,3604,1,FV,Corner
0,0.0,10320,2,RM,Inside
68,28.0,10603,5,RL,Inside
0,340.0,4084,6,RL,Inside
0,192.0,7943,3,RL,Inside
0,120.0,6930,4,RL,Inside
0,279.0,7200,1,RM,Inside
0,734.0,16052,6,RL,CulDSac
0,60.0,7150,2,RL,Inside
192,0.0,5350,4,RM,Corner
0,0.0,5400,1,RL,Corner
0,450.0,9535,4,RL,Inside
32,170.0,7441,1,RL,Inside
40,0.0,15400,1,RL,Inside
0,0.0,10544,4,RL,Inside
0,60.0,10936,1,RL,Corner
40,44.0,11316,6,RL,Corner
60,0.0,8640,6,FV,Inside
123,650.0,12090,1,RL,Corner
0,23.0,7939,6,RL,Inside
0,108.0,9350,2,RL,Inside
0,0.0,7750,6,RL,Inside
0,176.0,13001,5,RL,Inside
112,242.0,13607,5,RL,Inside
0,170.0,4435,6,RM,Inside
53,174.0,3843,6,RM,Inside
73,0.0,5950,6,RL,Inside
0,0.0,12400,4,RL,Inside
0,0.0,10425,3,RL,Inside
0,76.0,16269,6,RL,CulDSac
70,120.0,8998,6,RL,Inside
120,256.0,10400,1,RL,Inside
39,0.0,10134,1,RL,Inside
0,0.0,7007,0,RL,Inside
98,76.0,11645,6,RL,Inside
0,0.0,8250,5,RL,Corner
0,28.0,11027,4,RL,Inside
98,450.0,12350,6,RL,Inside
102,0.0,18275,5,RL,Inside
46,336.0,9206,1,RL,Inside
38,176.0,6240,6,RL,Inside
0,0.0,9656,1,RM,Inside
21,38.0,7875,1,RL,Inside
154,370.0,16259,1,RL,Corner
0,75.0,6173,6,RL,Inside
0,128.0,12890,1,RL,Inside
256,0.0,10440,1,FV,Corner
0,0.0,9532,4,RL,Inside
16,72.0,3922,1,RL,Inside
0,0.0,8730,1,RL,Inside
0,0.0,6060,5,C (all),Inside
98,315.0,14450,1,RL,Inside
0,0.0,5400,1,RM,Inside
45,410.0,10000,1,RL,Inside
0,54.0,10007,5,RL,Inside
0,0.0,7830,2,RM,Inside
146,434.0,11727,1,RL,Corner
0,0.0,10320,3,RM,Inside
0,63.0,10482,6,RL,Inside
116,724.0,15274,6,RL,Corner
0,0.0,8800,2,RL,Inside
84,0.0,10000,1,RL,Corner
0,196.0,10140,5,RL,Inside
17,0.0,14054,1,RL,Inside
104,0.0,11218,1,RL,Inside
88,143.0,8856,5,RL,Inside
0,47.0,7800,4,RL,Inside
30,0.0,7200,5,RM,Inside
30,44.0,10680,2,RL,Inside
82,0.0,9535,6,RL,Inside
66,0.0,6858,1,RL,Corner
0,0.0,8100,5,RL,Inside
0,176.0,9216,5,RL,Inside
0,0.0,9100,1,RM,Inside
68,95.0,12774,1,RL,FR2
12,0.0,6000,4,RM,Inside
40,0.0,10364,1,RL,Inside
0,0.0,6000,2,RM,Inside
312,0.0,10530,5,RL,Corner
0,0.0,9525,1,RL,Inside
130,0.0,8880,6,RL,Inside
0,0.0,8410,5,RL,Corner
58,0.0,4385,6,FV,Inside
67,760.0,12919,6,RL,Inside
0,0.0,12464,6,RL,Corner
82,0.0,5005,5,RL,Inside
151,344.0,9591,1,RL,Inside
0,0.0,6960,5,RL,Inside
0,0.0,9825,3,RL,Inside
89,0.0,14175,6,RL,Inside
0,0.0,7400,2,RL,Corner
0,0.0,10738,5,RL,Corner
45,0.0,8366,1,RL,Inside
0,0.0,9842,0,RL,FR2
0,0.0,7200,5,RL,Inside
0,0.0,10230,1,RL,Inside
0,1.0,8626,0,RM,Inside
0,216.0,8834,6,RL,Inside
0,0.0,8544,0,RL,Inside
88,158.0,9179,6,RL,Inside
0,0.0,11526,1,RL,Inside
113,0.0,5684,1,RM,Inside
122,108.0,11885,6,RL,Inside
0,0.0,9600,3,RL,Inside
86,738.0,17242,3,RL,Inside
0,132.0,10215,5,RL,Inside
0,0.0,8550,1,RL,Inside
265,113.0,18450,2,RL,Inside
0,72.0,14778,4,RL,CulDSac
166,0.0,3180,6,FV,Inside
0,0.0,3068,1,RM,Inside
78,860.0,13518,1,RL,Inside
0,0.0,33120,1,RM,Inside
96,128.0,13142,6,RL,Corner
185,42.0,11362,6,RL,Inside
28,504.0,10845,6,RL,Corner
0,218.0,9760,4,RL,Inside
0,0.0,3960,1,RM,Inside
33,0.0,9100,6,RL,Inside
22,203.0,9600,3,RL,Inside
0,0.0,9764,4,RL,FR2
154,0.0,12778,6,RL,Inside
0,0.0,8172,5,RL,Inside
33,32.0,9037,6,RL,Inside
141,0.0,6292,3,RL,Inside
176,157.0,11900,5,RL,Inside
0,0.0,7945,5,RL,Inside
368,0.0,16659,1,RL,Corner
113,0.0,9340,3,RL,Inside
42,302.0,11454,6,RL,Corner
0,0.0,8480,4,RL,Corner
0,0.0,6305,5,RL,Inside
104,120.0,9709,6,RL,Inside
0,0.0,10930,4,RL,Inside
0,0.0,50102,4,RL,Inside
24,108.0,8899,6,RL,Inside
38,0.0,10237,1,RL,Inside
0,289.0,9736,4,RL,Inside
0,0.0,2364,5,RL,Inside
0,0.0,7892,1,RL,Inside
197,0.0,12350,6,RL,Inside
40,0.0,7917,1,RL,Inside
0,0.0,7200,1,RL,Inside
0,0.0,12155,2,RL,Inside
208,692.0,11025,6,RL,Inside
0,0.0,7832,6,RL,Inside
132,456.0,19378,6,RL,Corner
17,0.0,9830,5,RL,Corner
144,432.0,4403,6,FV,Inside
56,0.0,8174,6,RL,Inside
0,294.0,7200,4,RM,Corner
168,288.0,7590,5,RL,Inside
54,0.0,8795,6,RL,Inside
53,186.0,3843,6,RM,Inside
0,0.0,11075,5,RL,Inside
45,0.0,10142,6,RL,Inside
0,0.0,7741,4,RM,Inside
49,119.0,8139,5,RL,Inside
0,0.0,8982,5,RL,CulDSac
0,0.0,6120,1,RM,Inside
0,0.0,16561,5,RL,Inside
0,0.0,2308,5,RL,FR2
0,0.0,6240,1,RM,Inside
0,0.0,8789,3,RL,Inside
53,186.0,5587,6,RM,Inside
60,0.0,9042,6,RL,Inside
0,0.0,8923,6,RL,Inside
0,182.0,12518,5,RL,Inside
36,0.0,11069,1,RL,Corner
0,306.0,8800,5,RL,Inside
40,186.0,13262,1,RL,Inside
0,600.0,7758,2,RM,Corner
48,108.0,12118,1,RL,CulDSac
0,176.0,9600,4,RL,Inside
52,272.0,9500,3,RL,Corner
60,0.0,7175,1,RL,Inside
144,0.0,11200,1,RL,CulDSac
45,375.0,14226,1,RL,Corner
0,514.0,2760,1,RM,Inside
70,0.0,11050,6,RL,Inside
171,0.0,7200,2,RL,Inside
45,0.0,12420,6,RL,Inside
0,0.0,6120,1,RM,Inside
0,0.0,7111,2,RL,Inside
0,100.0,19255,3,RL,Inside
0,0.0,8120,5,RL,Inside
0,0.0,11952,1,RL,Inside
16,16.0,3182,1,RL,Inside
0,0.0,9842,1,RL,Inside
0,180.0,11341,5,RL,Inside
0,0.0,12436,1,RL,Inside
36,0.0,12192,6,RL,Inside
53,186.0,3842,6,RM,Inside
0,108.0,13101,2,RL,Inside
72,110.0,9808,6,RL,Inside
0,0.0,8145,2,RL,Corner
84,158.0,17227,6,RL,CulDSac
123,0.0,5280,1,C (all),Corner
0,0.0,11792,1,RL,Inside
60,0.0,3876,6,RL,Inside
170,424.0,13891,1,RL,Inside
120,0.0,6000,4,RM,Inside
0,198.0,8240,1,RL,Inside
62,292.0,10625,6,RL,Inside
84,318.0,9247,3,RL,Inside
91,0.0,10628,1,RL,Corner
44,0.0,11000,2,RL,Corner
0,0.0,9399,1,RL,Inside
0,0.0,7200,1,RM,Inside
29,183.0,10264,5,RL,Inside
127,112.0,13215,6,RL,Corner
28,248.0,10530,5,RL,Inside
176,0.0,6000,5,RM,Inside
91,0.0,7703,6,RL,Inside
54,0.0,4251,1,FV,Inside
245,232.0,12128,5,RL,Inside
20,18.0,3072,6,RM,Inside
55,128.0,14364,6,RL,Inside
0,0.0,8680,1,RL,Inside
0,0.0,9600,4,RL,Inside
36,402.0,11778,6,RL,Inside
55,118.0,11024,1,RL,Corner
40,0.0,8970,5,RL,Corner
0,0.0,10800,1,RL,Inside
50,0.0,4835,6,FV,CulDSac
16,16.0,3710,1,RL,Inside
0,0.0,6120,4,RM,Corner
100,360.0,9600,1,RL,FR2
45,0.0,14145,5,RL,Corner
38,210.0,9926,6,RL,Inside
0,0.0,8012,1,RL,Inside
52,178.0,10240,1,RL,Inside
0,344.0,10762,6,RL,CulDSac
0,0.0,8000,6,RL,Inside
0,381.0,1680,1,RM,Inside
84,772.0,13693,1,RL,Inside
120,292.0,10625,1,FV,Inside
32,0.0,7200,4,RL,Corner
0,0.0,1612,1,RM,Inside
105,0.0,10207,1,FV,Inside
33,72.0,10475,1,RL,Corner
0,0.0,10625,5,RL,Corner
231,0.0,53107,6,RL,Corner
25,0.0,5680,1,RM,Inside
0,176.0,12400,3,RL,Inside
0,0.0,6768,6,RL,Inside
0,0.0,6000,1,RM,Inside
0,0.0,12508,5,RL,Inside
75,0.0,7415,6,RL,Inside
65,309.0,11762,6,RL,Inside
0,0.0,8767,6,RL,Inside
36,0.0,8190,3,RL,Inside
140,238.0,7500,6,FV,Inside
54,0.0,70761,5,RL,Inside
120,36.0,3784,6,FV,Inside
110,0.0,4224,6,RM,Inside
0,0.0,9245,6,RL,Inside
150,178.0,14781,1,RL,CulDSac
0,0.0,8544,0,RL,Corner
0,0.0,7440,4,RL,Inside
0,0.0,7404,1,RM,Corner
0,203.0,4853,3,RL,Inside
56,338.0,10593,6,RL,Inside
72,306.0,12090,5,RL,Inside
90,442.0,11677,3,RL,Inside
153,295.0,11000,1,RL,FR2
0,0.0,8000,5,RL,Inside
24,0.0,8029,1,RL,Inside
99,70.0,13495,4,RL,Corner
0,0.0,9738,4,RL,Inside
85,0.0,9272,6,RL,Inside
39,394.0,7841,6,RL,Inside
72,22.0,8530,1,RL,Inside
84,0.0,13041,1,RL,Inside
266,0.0,43500,0,RL,Inside
20,0.0,6240,3,RM,Inside
0,0.0,13015,1,RL,Corner
0,0.0,9297,5,RL,Inside
38,0.0,8773,1,RL,Inside
64,0.0,8536,1,RL,Corner
158,0.0,4282,6,FV,Inside
48,0.0,8740,6,RL,Inside
24,0.0,10237,1,RL,Inside
0,140.0,7950,4,RL,Corner
0,288.0,10400,1,RL,Inside
0,0.0,10628,6,RL,Inside
0,0.0,2280,5,RL,FR2
0,0.0,7018,0,RL,Inside
28,0.0,10762,1,RL,Corner
49,0.0,7024,5,RL,Inside
0,0.0,7585,1,RL,Inside
0,0.0,9170,5,RL,Corner
0,0.0,7742,4,RL,Inside
56,0.0,8791,3,FV,Inside
80,0.0,19800,3,RL,Inside
148,132.0,13339,2,RL,Inside
36,0.0,8125,1,RL,Inside
0,0.0,11419,5,RL,Corner
45,0.0,7226,1,RL,CulDSac
0,0.0,11100,2,RL,Inside
96,172.0,12435,6,RL,Inside
0,0.0,6420,2,RL,Inside
0,0.0,16466,1,RL,Inside
0,0.0,6285,6,RL,Inside
88,0.0,9204,4,RL,Inside
75,530.0,12011,6,RL,CulDSac
30,165.0,14774,1,RL,Corner
46,188.0,11792,6,RL,Inside
0,0.0,8064,3,RL,Inside
46,0.0,7175,6,RL,Inside
0,153.0,10820,6,RL,Corner
63,135.0,5381,5,RL,Inside
0,0.0,5000,4,RM,Inside
33,0.0,8674,3,RM,Inside
0,119.0,13175,5,RL,Inside
0,480.0,11275,3,RL,Corner
0,0.0,9600,4,RL,Inside
26,0.0,9000,4,RM,Corner
120,0.0,9990,5,RL,Inside
0,0.0,6000,4,RM,Inside
0,244.0,10533,3,RL,Inside
165,372.0,11692,6,RL,Inside
0,310.0,12546,4,RL,Corner
44,260.0,21695,6,RL,Corner
116,0.0,8100,3,RM,Inside
45,66.0,16737,6,RL,FR3
66,473.0,9200,6,RL,Inside
60,156.0,9801,1,RL,Inside
119,98.0,14137,5,RL,Corner
144,0.0,14762,0,RL,Corner
55,470.0,15262,6,RL,Corner
159,281.0,9742,1,RL,Inside
0,650.0,8532,3,RL,Inside
0,0.0,10634,4,RL,Inside
81,0.0,14753,6,RL,Inside
0,0.0,18386,1,RM,Inside
0,126.0,12450,6,RL,Inside
0,0.0,5175,4,RL,Inside
0,323.0,8398,2,RL,Inside
24,20.0,3710,1,RL,Inside
0,0.0,7500,1,C (all),Inside
0,0.0,8010,6,RL,Inside
0,145.0,12800,6,RL,Inside
0,70.0,11070,1,RL,Inside
48,40.0,12224,6,RL,Corner
0,0.0,6953,5,RL,Inside
63,298.0,11824,1,FV,Corner
36,0.0,3907,6,RM,Inside
20,0.0,8918,1,RL,Inside
26,262.0,9591,6,RL,Inside
48,225.0,14115,6,RL,Inside
48,0.0,9675,6,RL,Inside
101,0.0,1974,6,RM,Inside
0,90.0,11475,5,RL,Corner
48,0.0,21533,1,RL,FR2
0,0.0,9350,2,RL,Inside
30,146.0,8198,6,RM,FR3
192,256.0,13250,1,RL,Inside
135,710.0,51974,6,RL,CulDSac
48,0.0,22136,6,RL,Inside
152,0.0,8944,1,RL,Inside
24,0.0,9839,5,RL,CulDSac
50,0.0,6292,1,RL,Inside
40,268.0,9680,4,RL,Inside
70,423.0,9452,6,RL,Inside
195,0.0,9144,1,RL,Inside
0,0.0,8425,6,RL,FR3
28,0.0,9084,1,RL,Inside
4,0.0,7420,6,RL,Corner
0,0.0,7677,4,RL,Inside
81,30.0,16770,1,RL,CulDSac
126,731.0,16545,6,RL,Inside
135,0.0,11414,1,RL,Corner
60,208.0,13501,6,RL,Corner
0,0.0,9434,1,RL,Inside
28,80.0,3675,6,RM,Inside
51,0.0,11029,5,RL,Corner
57,186.0,10084,6,RL,Inside
103,0.0,9543,1,RL,Inside
195,278.0,13005,6,RL,Corner
29,0.0,2280,5,RL,FR2
0,0.0,12712,5,RL,CulDSac
0,0.0,10000,4,RL,Corner
142,126.0,10574,6,RL,Inside
0,0.0,9802,1,RL,Inside
40,0.0,13132,1,RL,Inside
0,0.0,13728,3,RL,Corner
0,0.0,6600,1,RL,Inside
0,0.0,10320,1,RM,Inside
96,144.0,14006,1,RL,Inside
0,126.0,16635,5,RL,FR2
103,0.0,8398,4,RM,Inside
0,0.0,9100,3,RL,Inside
98,0.0,14171,6,RL,CulDSac
102,436.0,13891,6,RL,Inside
0,0.0,12968,5,RL,Inside
0,342.0,2280,6,FV,Inside
0,0.0,7000,2,RL,Corner
0,158.0,1680,4,RM,Inside
0,0.0,2217,4,RM,Inside
0,164.0,11500,1,RL,Corner
0,0.0,7200,3,RL,Inside
39,243.0,10721,1,RL,Inside
40,0.0,10732,1,RL,Corner
32,0.0,10791,6,RL,Inside
63,135.0,5122,6,RL,Inside
22,0.0,9928,6,RL,CulDSac
0,0.0,7791,5,RL,Inside
0,0.0,8154,4,RM,Inside
36,0.0,10839,1,RL,Corner
40,0.0,9045,1,RL,Inside
38,0.0,10852,6,RL,Inside
36,0.0,8400,1,RL,Inside
73,312.0,16381,3,RL,Inside
33,144.0,12304,6,RL,Corner
88,96.0,11584,6,RL,Inside
64,0.0,10672,1,RL,Inside
0,0.0,7230,1,RL,Inside
80,0.0,20781,4,RL,CulDSac
52,290.0,12633,6,RL,Inside
0,0.0,8712,1,C (all),Inside
0,0.0,12537,6,RL,CulDSac
26,0.0,9620,5,RL,Inside
81,0.0,3907,6,RM,Inside
27,0.0,9236,6,RL,Inside
0,0.0,11600,1,RL,Inside
45,121.0,10603,6,FV,Inside
0,0.0,13350,5,RL,Inside
0,98.0,9200,6,RL,Inside
21,0.0,15593,4,RL,Corner
0,664.0,13688,6,RL,Inside
0,0.0,6000,3,RM,Inside
70,38.0,8453,6,RL,Inside
66,426.0,12444,6,RL,FR2
276,0.0,11449,6,RL,Inside
0,0.0,12342,4,RL,Inside
0,0.0,7558,1,RL,Inside
189,0.0,10400,3,RL,Corner
60,0.0,7500,1,RL,Inside
